idx,rt
28,0.5503687508333333
29,0.5622084416666666
30,0.5892689807017543
31,0.5615527082644628
32,0.5844281808695654
33,0.5537858868421052
34,0.5561735365217392
35,0.549132070940171
36,0.5540795239316239
