idx,rt
28,0.5682296661016951
29,0.5798843495726496
30,0.5785063276190476
31,0.5718813247863248
32,0.5851732547008549
33,0.5620007945454545
34,0.5727231731092436
35,0.5557360864406783
36,0.5600853846153846
